insert into genero(nombre, siglas) values ("Femenino", "F");
insert into genero(nombre, siglas) values ("Masculino", "M");
insert into genero(nombre, siglas) values ("No Binario", "N");
insert into genero(nombre, siglas) values ("Otro", "O");
insert into estado_pedido values ("En preparacion", "P", 1);
insert into estado_pedido values ("En transito", "T", 2);
insert into estado_pedido values ("Extraviado", "X", 3);
insert into estado_pedido values ("Entregado", "E", 4);
insert into tipo_documento_cliente(nombre, siglas) values ("DNI", "D");
insert into tipo_documento_cliente(nombre, siglas) values ("NIE", "N");
insert into tipo_documento_cliente(nombre, siglas) values ("Nº Pasaporte", "P");
insert into tipo_documento_cliente(nombre, siglas) values ("Nº Seguridad Social", "S");
insert into tipo_documento_proveedor(nombre, siglas) values ("CIF", "C");
insert into tipo_documento_proveedor(nombre, siglas) values ("DNI", "D");
insert into tipo_via(nombre, siglas) values ("Avenida", "Av");
insert into tipo_via(nombre, siglas) values ("Calle", "Cl");
insert into tipo_via(nombre, siglas) values ("Glorieta", "Gl");
insert into tipo_via(nombre, siglas) values ("Paseo", "Ps");
insert into tipo_via(nombre, siglas) values ("Plaza", "Pz");
insert into tipo_cliente(nombre, siglas, gasto_umbral, porcentaje_descuento) values ("Ninguno", "Na", 0, 0);
insert into tipo_cliente(nombre, siglas, gasto_umbral, porcentaje_descuento) values ("Bronce", "Br", 100, 5);
insert into tipo_cliente(nombre, siglas, gasto_umbral, porcentaje_descuento) values ("Plata", "Pl", 200, 10);
insert into tipo_cliente(nombre, siglas, gasto_umbral, porcentaje_descuento) values ("Oro", "O", 300, 15);
insert into tipo_cliente(nombre, siglas, gasto_umbral, porcentaje_descuento) values ("Platino", "Pt", 400, 20);
insert into clase_proveedor(nombre, siglas) values ("Básico", "B");
insert into clase_proveedor(nombre, siglas) values ("Prioritario", "P");
insert into clase_proveedor(nombre, siglas) values ("Esencial", "E");
insert into tipo_tarjeta_credito(nombre, siglas) values ("Master Card", "M");
insert into tipo_tarjeta_credito(nombre, siglas) values ("Visa", "V");
insert into tipo_tarjeta_credito(nombre, siglas) values ("American Express", "A");
insert into tamanio_imagen(nombre, siglas) values ("Pequeña", "P");
insert into tamanio_imagen(nombre, siglas) values ("Mediana", "M");
insert into tamanio_imagen(nombre, siglas) values ("Grande", "L");
insert into tamanio_imagen(nombre, siglas) values ("Extra Grande", "XL");
insert into formato_imagen(nombre, siglas) values ("gif", "g");
insert into formato_imagen(nombre, siglas) values ("png", "p");
insert into formato_imagen(nombre, siglas) values ("jpg", "j");
insert into formato_imagen(nombre, siglas) values ("svg", "s");
insert into urgencia_aviso(nombre, siglas) values ("Baja", "B");
insert into urgencia_aviso(nombre, siglas) values ("Media", "M");
insert into urgencia_aviso(nombre, siglas) values ("Alta", "A");
insert into punto_cardinal(nombre, siglas) values ("Norte", "N");
insert into punto_cardinal(nombre, siglas) values ("Sur", "S");
insert into punto_cardinal(nombre, siglas) values ("Este", "E");
insert into punto_cardinal(nombre, siglas) values ("Oeste", "O");
insert into pais(nombre, siglas) values ("España", "es");
insert into pais(nombre, siglas) values ("Francia", "fr");
insert into pais(nombre, siglas) values ("Italia", "it");
insert into pais(nombre, siglas) values ("Portugal", "pt");
insert into idioma(nombre, siglas) values ("Inglés", "en");
insert into idioma(nombre, siglas) values ("Español", "es");
insert into idioma(nombre, siglas) values ("Francés", "fr");
insert into categoria(codigo, descripcion) values ("1", "deporte");
insert into categoria(codigo, descripcion) values ("2", "musica");
insert into categoria(codigo, descripcion) values ("3", "cine");
insert into categoria(codigo, descripcion, categoria_padre) values ("4", "futbol", "1");
insert into categoria(codigo, descripcion, categoria_padre) values ("5", "pop", "2");
insert into categoria(codigo, descripcion, categoria_padre) values ("6", "funk", "2");
insert into categoria(codigo, descripcion, categoria_padre) values ("7", "fantasia", "3");
insert into categoria(codigo, descripcion, categoria_padre) values ("8", "futbol europeo", "4");
insert into categoria(codigo, descripcion, categoria_padre) values ("9", "steampunk", "3");
INSERT INTO usuario (`email`,`fecha_alta_entidad`,`fecha_borrado_entidad`,`fecha_final_bloqueo`,`fecha_ultima_modificacion`,`clave`,`fecha_ultima_conexion`,`numero_accesos`,`usuario_realiza_alta_email`,`usuario_realiza_borrado_email`,`usuario_realiza_ultima_modificacion_email`) VALUES ('alfa@gmail.com','2023-05-21',NULL,'1000-01-01','2023-05-21','alfa','2023-05-21',1,NULL,NULL,NULL);
INSERT INTO usuario (`email`,`fecha_alta_entidad`,`fecha_borrado_entidad`,`fecha_final_bloqueo`,`fecha_ultima_modificacion`,`clave`,`fecha_ultima_conexion`,`numero_accesos`,`usuario_realiza_alta_email`,`usuario_realiza_borrado_email`,`usuario_realiza_ultima_modificacion_email`) VALUES ('beta@gmail.com','2023-05-21',NULL,'1000-01-01','2023-05-21','beta','2023-05-21',2,NULL,NULL,NULL);
INSERT INTO usuario (`email`,`fecha_alta_entidad`,`fecha_borrado_entidad`,`fecha_final_bloqueo`,`fecha_ultima_modificacion`,`clave`,`fecha_ultima_conexion`,`numero_accesos`,`usuario_realiza_alta_email`,`usuario_realiza_borrado_email`,`usuario_realiza_ultima_modificacion_email`) VALUES ('ganma@gmail.com','2023-05-21',NULL,'1000-01-01','2023-05-21','ganma','2023-05-21',3,NULL,NULL,NULL);
INSERT INTO `practicaintegradora`.`cliente` (`id_usuario`, `aceptacion_licencia`, `apellidos`, `fecha_alta_entidad`, `fecha_final_bloqueo`, `fecha_ultima_modificacion`, `comentarios`, `codigo_postal`, `localidad`, `nombre_direccion`, `numero`, `planta`, `puerta`, `tipo_via`, `documento`, `fecha_nacimiento`, `gasto_acumulado_cliente`, `genero`, `nombre`, `telefono_movil`, `tipo_documento_cliente`, pais_nacimiento) VALUES ('alfa@gmail.com', true, 'Fernandez', '2023-05-21', '1000-01-01', '2023-05-21','No comment', '28030', 'Madrid', 'Arroyo Fontarron', '393', '3', 'c', 'Cl', '123', '2001-12-11', '0', 'M','Pablo', '622009362', 'DNI', 'es');
INSERT INTO `practicaintegradora`.`cliente` (`id_usuario`, `aceptacion_licencia`, `apellidos`, `fecha_alta_entidad`, `fecha_final_bloqueo`, `fecha_ultima_modificacion`, `comentarios`, `codigo_postal`, `localidad`, `nombre_direccion`, `numero`, `planta`, `puerta`, `tipo_via`, `documento`, `fecha_nacimiento`, `gasto_acumulado_cliente`, `genero`, `nombre`, `telefono_movil`, `tipo_documento_cliente`, pais_nacimiento) VALUES ('ganma@gmail.com', true, 'Saiz', '2023-05-19', '1000-01-01', '2023-05-21', 'Yes Coment', '28042', 'Carabanchel', 'Oporto', '45', '2', 'b', 'Cl', '321', '2003-05-03', '0', 'F', 'Adriana','123456789','DNI', 'fr');
INSERT INTO `practicaintegradora`.`cliente` (`id_usuario`, `aceptacion_licencia`, `apellidos`, `fecha_alta_entidad`, `fecha_final_bloqueo`, `fecha_ultima_modificacion`, `codigo_postal`, `localidad`, `nombre_direccion`, `numero`, `planta`, `puerta`, `tipo_via`, `documento`, `fecha_nacimiento`, `gasto_acumulado_cliente`, `genero`, `nombre`, `telefono_movil`, `tipo_documento_cliente`, pais_nacimiento) VALUES ('beta@gmail.com', true, 'Tort', '2022-04-23', '1000-01-01', '2023-05-21', '45', 'Madrid', 'Garcia Luna', '25','0', 'c', 'Av', '231', '2001-05-12', '0', 'N', 'Kike', '987654321', 'DNI', 'pt');
INSERT INTO `practicaintegradora`.`carrito` (`id`, `fecha_creacion`, `precio`, `cliente_id_usuario`) VALUES ('100', '2023-05-21', '0.00', 'alfa@gmail.com');
INSERT INTO `practicaintegradora`.`carrito` (`id`, `fecha_creacion`, `precio`, `cliente_id_usuario`) VALUES ('101', '2023-05-21', '0.00', 'beta@gmail.com');
INSERT INTO `practicaintegradora`.`carrito` (`id`, `fecha_creacion`, `precio`, `cliente_id_usuario`) VALUES ('102', '2023-05-21', '0.00', 'ganma@gmail.com');
INSERT INTO `practicaintegradora`.`cliente_categorias_interes` (`cliente_id_usuario`, `categorias_interes_codigo`) VALUES ('alfa@gmail.com', '1');
INSERT INTO `practicaintegradora`.`cliente_categorias_interes` (`cliente_id_usuario`, `categorias_interes_codigo`) VALUES ('alfa@gmail.com', '4');
INSERT INTO `practicaintegradora`.`cliente_categorias_interes` (`cliente_id_usuario`, `categorias_interes_codigo`) VALUES ('beta@gmail.com', '5');
INSERT INTO `practicaintegradora`.`cliente_categorias_interes` (`cliente_id_usuario`, `categorias_interes_codigo`) VALUES ('ganma@gmail.com', '5');
INSERT INTO `practicaintegradora`.`cliente_categorias_interes` (`cliente_id_usuario`, `categorias_interes_codigo`) VALUES ('ganma@gmail.com', '7');
INSERT INTO `practicaintegradora`.`cliente_categorias_interes` (`cliente_id_usuario`, `categorias_interes_codigo`) VALUES ('ganma@gmail.com', '8');
INSERT INTO producto VALUES ('1','2023-05-22',NULL,'1000-01-01','2023-05-22',10,'','Ukele',1.50,0,1,NULL,'Marshal','Numb',3.00,2,3,NULL,NULL,NULL,NULL,NULL);
INSERT INTO producto VALUES ('2','2023-05-22',NULL,'1000-01-01','2023-05-22',150,'De lago','Agua',0.50,0,0,NULL,'Fuente','Primaveral',0.23,27,150,NULL,NULL,NULL,NULL,NULL);
INSERT INTO producto VALUES ('3','2023-05-22',NULL,'1000-01-01','2023-05-22',15,'Forma de dino','Cereales',2.50,0,0,NULL,'Cuetara','Dinosaurus',4.00,7,10,NULL,NULL,NULL,NULL,NULL);
INSERT INTO producto VALUES ('4','2023-05-22',NULL,'1000-01-01','2023-05-22',20,'','Colonia',0.25,1,0,NULL,'Nenuca','Agua',2.12,5,9,NULL,NULL,NULL,NULL,NULL);
INSERT INTO producto VALUES ('5','2023-05-22',NULL,'1000-01-01','2023-05-22',32,'','Cacao',4.59,1,0,NULL,'Cola Cao','Original',1.17,5,12,NULL,NULL,NULL,NULL,NULL);
INSERT INTO producto VALUES ('6','2023-05-22',NULL,'1000-01-01','2023-05-22',23,'','Atun',6.50,1,0,NULL,'Calvo','Aceite Oliva',1.71,7,10,NULL,NULL,NULL,NULL,NULL);
INSERT INTO producto VALUES ('7','2023-05-22',NULL,'1000-01-01','2023-05-22',45,'','Arroz',1.12,0,0,NULL,'Sos','Bomba',0.24,7,10,NULL,NULL,NULL,NULL,NULL);
INSERT INTO producto VALUES ('8','2023-05-22',NULL,'1000-01-01','2023-05-22',5,'','Aceite',5.87,0,1,NULL,'Carbonel','0.4',1.12,1,3,NULL,NULL,NULL,NULL,NULL);
INSERT INTO producto VALUES ('9','2023-05-22',NULL,'1000-01-01','2023-05-22',8,'','Longaniza',3.04,0,1,NULL,'Casa Tarradellas','Picante',1.05,3,5,NULL,NULL,NULL,NULL,NULL);
INSERT INTO producto VALUES ('10','2023-05-22',NULL,'1000-01-01','2023-05-22',3,'','Pipas',6.50,0,1,NULL,'Grefusa','Con Sal',2.00,1,2,NULL,NULL,NULL,NULL,NULL);
INSERT INTO producto_categorias (`producto_codigo`,`categorias_codigo`) VALUES ('10','1');
INSERT INTO producto_categorias(`producto_codigo`,`categorias_codigo`) VALUES ('6','1');
INSERT INTO producto_categorias(`producto_codigo`,`categorias_codigo`) VALUES ('9','1');
INSERT INTO producto_categorias (`producto_codigo`,`categorias_codigo`) VALUES ('1','2');
INSERT INTO producto_categorias (`producto_codigo`,`categorias_codigo`) VALUES ('2','2');
INSERT INTO producto_categorias (`producto_codigo`,`categorias_codigo`) VALUES ('9','2');
INSERT INTO producto_categorias (`producto_codigo`,`categorias_codigo`) VALUES ('10','3');
INSERT INTO producto_categorias (`producto_codigo`,`categorias_codigo`) VALUES ('2','3');
INSERT INTO producto_categorias (`producto_codigo`,`categorias_codigo`) VALUES ('8','3');
INSERT INTO producto_categorias (`producto_codigo`,`categorias_codigo`) VALUES ('9','3');
INSERT INTO producto_categorias (`producto_codigo`,`categorias_codigo`) VALUES ('3','4');
INSERT INTO producto_categorias (`producto_codigo`,`categorias_codigo`) VALUES ('8','4');
INSERT INTO producto_categorias (`producto_codigo`,`categorias_codigo`) VALUES ('9','4');
INSERT INTO producto_categorias (`producto_codigo`,`categorias_codigo`) VALUES ('1','5');
INSERT INTO producto_categorias (`producto_codigo`,`categorias_codigo`) VALUES ('4','5');
INSERT INTO producto_categorias (`producto_codigo`,`categorias_codigo`) VALUES ('8','5');
INSERT INTO producto_categorias (`producto_codigo`,`categorias_codigo`) VALUES ('9','5');
INSERT INTO producto_categorias (`producto_codigo`,`categorias_codigo`) VALUES ('6','6');
INSERT INTO producto_categorias (`producto_codigo`,`categorias_codigo`) VALUES ('8','6');
INSERT INTO producto_categorias (`producto_codigo`,`categorias_codigo`) VALUES ('9','6');
INSERT INTO producto_categorias (`producto_codigo`,`categorias_codigo`) VALUES ('3','7');
INSERT INTO producto_categorias (`producto_codigo`,`categorias_codigo`) VALUES ('4','7');
INSERT INTO producto_categorias (`producto_codigo`,`categorias_codigo`) VALUES ('7','7');
INSERT INTO producto_categorias (`producto_codigo`,`categorias_codigo`) VALUES ('8','7');
INSERT INTO producto_categorias (`producto_codigo`,`categorias_codigo`) VALUES ('9','7');
INSERT INTO producto_categorias (`producto_codigo`,`categorias_codigo`) VALUES ('5','8');
INSERT INTO producto_categorias (`producto_codigo`,`categorias_codigo`) VALUES ('7','8');
INSERT INTO producto_categorias (`producto_codigo`,`categorias_codigo`) VALUES ('8','8');
INSERT INTO producto_categorias (`producto_codigo`,`categorias_codigo`) VALUES ('5','9');
INSERT INTO producto_categorias (`producto_codigo`,`categorias_codigo`) VALUES ('6','9');
INSERT INTO producto_categorias (`producto_codigo`,`categorias_codigo`) VALUES ('7','9');
INSERT INTO producto_categorias (`producto_codigo`,`categorias_codigo`) VALUES ('8','9');
INSERT INTO promocion VALUES (1,'2023-05-21',NULL,'1000-01-01','2023-05-21','Promocion 1',1.00,'2023-05-25','2023-04-21',NULL,NULL,NULL);
INSERT INTO promocion VALUES (2,'2023-05-21',NULL,'1000-01-01','2023-05-21','Segunda',2.70,'2022-03-13','2023-08-11',NULL,NULL,NULL);
INSERT INTO promocion VALUES (3,'2023-05-21',NULL,'1000-01-01','2023-05-21','Tercera',3.60,'2021-12-07','2022-02-16',NULL,NULL,NULL);
INSERT INTO promocion VALUES (4,'2023-05-21',NULL,'1000-01-01','2023-05-21','Cuarta',4.50,'2022-10-15','2022-11-25',NULL,NULL,NULL);
INSERT INTO promocion VALUES (5,'2023-05-21',NULL,'1000-01-01','2023-05-21','Quinta',5.40,'2020-09-17','2021-01-01',NULL,NULL,NULL);
INSERT INTO promocion_productos (`promocion_id`,`productos_codigo`) VALUES (1,'3');
INSERT INTO promocion_productos (`promocion_id`,`productos_codigo`) VALUES (1,'5');
INSERT INTO promocion_productos (`promocion_id`,`productos_codigo`) VALUES (1,'6');
INSERT INTO promocion_productos (`promocion_id`,`productos_codigo`) VALUES (2,'4');
INSERT INTO promocion_productos (`promocion_id`,`productos_codigo`) VALUES (2,'2');
INSERT INTO promocion_productos (`promocion_id`,`productos_codigo`) VALUES (3,'4');
INSERT INTO promocion_productos (`promocion_id`,`productos_codigo`) VALUES (3,'1');
INSERT INTO promocion_productos (`promocion_id`,`productos_codigo`) VALUES (3,'2');
INSERT INTO promocion_productos (`promocion_id`,`productos_codigo`) VALUES (4,'7');
INSERT INTO promocion_productos (`promocion_id`,`productos_codigo`) VALUES (4,'8');
INSERT INTO promocion_productos (`promocion_id`,`productos_codigo`) VALUES (5,'9');
INSERT INTO promocion_productos (`promocion_id`,`productos_codigo`) VALUES (5,'10');
INSERT INTO promocion_productos (`promocion_id`,`productos_codigo`) VALUES (5,'3');
INSERT INTO proveedor (`id`,`fecha_alta_entidad`,`fecha_borrado_entidad`,`fecha_final_bloqueo`,`fecha_ultima_modificacion`,`clase_proveedor`,`comentarios`,`codigo_postal`,`localidad`,`nombre_direccion`,`numero`,`planta`,`portal`,`puerta`,`region`,`tipo_via`,`documento`,`nombre`,`telefono_fijo`,`telefono_movil`,`tipo_documento`,`usuario_realiza_alta_email`,`usuario_realiza_borrado_email`,`usuario_realiza_ultima_modificacion_email`) VALUES (1,'2023-05-21',NULL,'1000-01-01','2023-05-21','B',NULL,'28001','Madrid','Tutan',3,'0',NULL,'a',NULL,'Gl','4546','Ahorramas SA','915403456','123123123','CIF',NULL,NULL,NULL);
INSERT INTO proveedor (`id`,`fecha_alta_entidad`,`fecha_borrado_entidad`,`fecha_final_bloqueo`,`fecha_ultima_modificacion`,`clase_proveedor`,`comentarios`,`codigo_postal`,`localidad`,`nombre_direccion`,`numero`,`planta`,`portal`,`puerta`,`region`,`tipo_via`,`documento`,`nombre`,`telefono_fijo`,`telefono_movil`,`tipo_documento`,`usuario_realiza_alta_email`,`usuario_realiza_borrado_email`,`usuario_realiza_ultima_modificacion_email`) VALUES (2,'2023-05-21',NULL,'1000-01-01','2023-05-21','P',NULL,'28002','Oviedo','Camon',6,'0',NULL,'a',NULL,'Ps','5150','Mecadona','96512123','456456456','CIF',NULL,NULL,NULL);
INSERT INTO proveedor (`id`,`fecha_alta_entidad`,`fecha_borrado_entidad`,`fecha_final_bloqueo`,`fecha_ultima_modificacion`,`clase_proveedor`,`comentarios`,`codigo_postal`,`localidad`,`nombre_direccion`,`numero`,`planta`,`portal`,`puerta`,`region`,`tipo_via`,`documento`,`nombre`,`telefono_fijo`,`telefono_movil`,`tipo_documento`,`usuario_realiza_alta_email`,`usuario_realiza_borrado_email`,`usuario_realiza_ultima_modificacion_email`) VALUES (3,'2023-05-21',NULL,'1000-01-01','2023-05-21','E',NULL,'28003','Toledo','Lillo',75,'0',NULL,'f',NULL,'Pz','2387','Indites','931567298','789789789','DNI',NULL,NULL,NULL);
INSERT INTO proveedor (`id`,`fecha_alta_entidad`,`fecha_borrado_entidad`,`fecha_final_bloqueo`,`fecha_ultima_modificacion`,`clase_proveedor`,`comentarios`,`codigo_postal`,`localidad`,`nombre_direccion`,`numero`,`planta`,`portal`,`puerta`,`region`,`tipo_via`,`documento`,`nombre`,`telefono_fijo`,`telefono_movil`,`tipo_documento`,`usuario_realiza_alta_email`,`usuario_realiza_borrado_email`,`usuario_realiza_ultima_modificacion_email`) VALUES (4,'2023-05-21',NULL,'1000-01-01','2023-05-21','B',NULL,'28003','Barcelona','Las Ramblas',1312,'0',NULL,'d',NULL,'Cl','2387','MDLR','987666666','098765432','DNI',NULL,NULL,NULL);
INSERT INTO catalogo_proveedor VALUES (1,'2019-02-14','2019-11-30',1);
INSERT INTO catalogo_proveedor VALUES (2,'2020-05-05','2020-09-20',2);
INSERT INTO catalogo_proveedor VALUES (3,'2021-07-10','2022-01-25',2);
INSERT INTO catalogo_proveedor VALUES (4,'2018-12-03','2019-08-18',3);
INSERT INTO catalogo_proveedor VALUES (5,'2022-03-22','2022-10-06',3);
INSERT INTO catalogo_proveedor VALUES (6,'2020-08-09','2021-02-24',3);
INSERT INTO catalogo_proveedor_lineas_catalogo VALUES (1,1.00,1);
INSERT INTO catalogo_proveedor_lineas_catalogo VALUES (1,2.00,2);
INSERT INTO catalogo_proveedor_lineas_catalogo VALUES (2,3.00,3);
INSERT INTO catalogo_proveedor_lineas_catalogo VALUES (2,4.00,2);
INSERT INTO catalogo_proveedor_lineas_catalogo VALUES (2,5.00,3);
INSERT INTO catalogo_proveedor_lineas_catalogo VALUES (3,2.32,4);
INSERT INTO catalogo_proveedor_lineas_catalogo VALUES (4,1.12,3);
INSERT INTO catalogo_proveedor_lineas_catalogo VALUES (4,3.43,4);
INSERT INTO catalogo_proveedor_lineas_catalogo VALUES (4,0.30,5);
INSERT INTO catalogo_proveedor_lineas_catalogo VALUES (4,0.24,6);
INSERT INTO catalogo_proveedor_lineas_catalogo VALUES (4,10.32,7);
INSERT INTO catalogo_proveedor_lineas_catalogo VALUES (5,7.41,6);
INSERT INTO catalogo_proveedor_lineas_catalogo VALUES (5,7.99,8);
INSERT INTO catalogo_proveedor_lineas_catalogo VALUES (5,7.71,10);
INSERT INTO catalogo_proveedor_lineas_catalogo VALUES (5,8.32,9);
INSERT INTO catalogo_proveedor_lineas_catalogo VALUES (6,24.04,3);
INSERT INTO catalogo_proveedor_lineas_catalogo VALUES (6,1.30,10);